{"stats":{"minecraft:used":{"minecraft:stone_shovel":9,"minecraft:stone_pickaxe":13,"minecraft:wooden_pickaxe":10,"minecraft:leather_chestplate":1,"minecraft:birch_boat":4,"minecraft:sandstone":2,"minecraft:cooked_salmon":4,"minecraft:sand":15,"minecraft:crafting_table":4,"minecraft:golden_shovel":6,"minecraft:bread":3,"minecraft:birch_sapling":1,"minecraft:stone_axe":16,"minecraft:fishing_rod":4,"minecraft:furnace":1,"minecraft:cooked_cod":1},"minecraft:crafted":{"minecraft:cooked_cod":1,"minecraft:stone_shovel":1,"minecraft:crafting_table":2,"minecraft:birch_boat":1,"minecraft:wooden_pickaxe":1,"minecraft:iron_helmet":1,"minecraft:furnace":1,"minecraft:cooked_salmon":2,"minecraft:birch_planks":20,"minecraft:stone_axe":1,"minecraft:air":0,"minecraft:jungle_planks":12,"minecraft:iron_boots":1,"minecraft:iron_chestplate":1,"minecraft:stick":8,"minecraft:iron_ingot":2,"minecraft:stone_pickaxe":1,"minecraft:iron_leggings":1},"minecraft:custom":{"minecraft:interact_with_furnace":3,"minecraft:mob_kills":1,"minecraft:interact_with_crafting_table":8,"minecraft:time_since_death":42517,"minecraft:climb_one_cm":195,"minecraft:time_since_rest":42517,"minecraft:sprint_one_cm":65231,"minecraft:damage_taken":288,"minecraft:walk_one_cm":36680,"minecraft:drop":4,"minecraft:damage_dealt":200,"minecraft:swim_one_cm":50548,"minecraft:fly_one_cm":165374,"minecraft:open_chest":16,"minecraft:crouch_one_cm":1092,"minecraft:play_time":42517,"minecraft:sneak_time":1326,"minecraft:walk_under_water_one_cm":27748,"minecraft:boat_one_cm":588258,"minecraft:jump":642,"minecraft:walk_on_water_one_cm":15750,"minecraft:total_world_time":42517,"minecraft:fish_caught":3,"minecraft:fall_one_cm":20421},"minecraft:mined":{"minecraft:crafting_table":3,"minecraft:dark_oak_fence":6,"minecraft:blast_furnace":1,"minecraft:spruce_fence":1,"minecraft:jungle_log":3,"minecraft:dead_bush":1,"minecraft:sugar_cane":22,"minecraft:sandstone":3,"minecraft:seagrass":1,"minecraft:tall_seagrass":1,"minecraft:lime_bed":1,"minecraft:furnace":1,"minecraft:birch_log":5,"minecraft:birch_leaves":1,"minecraft:grass":2,"minecraft:gravel":1,"minecraft:sand":15,"minecraft:stone":18,"minecraft:spruce_slab":1},"minecraft:dropped":{"minecraft:kelp":9,"minecraft:leather_chestplate":1,"minecraft:sandstone":1,"minecraft:wooden_pickaxe":1},"minecraft:killed":{"minecraft:zombie":1},"minecraft:picked_up":{"minecraft:birch_log":5,"minecraft:lime_bed":1,"minecraft:crafting_table":3,"minecraft:leather_chestplate":1,"minecraft:salmon":2,"minecraft:jungle_log":3,"minecraft:kelp":9,"minecraft:spruce_slab":1,"minecraft:sugar_cane":44,"minecraft:birch_sapling":1,"minecraft:furnace":1,"minecraft:sandstone":4,"minecraft:birch_boat":3,"minecraft:spruce_fence":1,"minecraft:gravel":1,"minecraft:sand":15,"minecraft:jungle_planks":9,"minecraft:blast_furnace":1,"minecraft:dark_oak_fence":4,"minecraft:cod":1,"minecraft:cobblestone":18}},"DataVersion":3465}