{"stats":{"minecraft:used":{"minecraft:stone_shovel":9,"minecraft:stone_pickaxe":12,"minecraft:birch_sapling":1,"minecraft:birch_boat":3,"minecraft:leather_chestplate":1,"minecraft:wooden_pickaxe":10,"minecraft:sandstone":2,"minecraft:cooked_salmon":2,"minecraft:stone_axe":9,"minecraft:fishing_rod":4,"minecraft:sand":2,"minecraft:crafting_table":4,"minecraft:furnace":1,"minecraft:cooked_cod":1,"minecraft:golden_shovel":6},"minecraft:crafted":{"minecraft:cooked_cod":1,"minecraft:stone_shovel":1,"minecraft:iron_boots":1,"minecraft:iron_chestplate":1,"minecraft:crafting_table":2,"minecraft:stick":8,"minecraft:iron_ingot":2,"minecraft:wooden_pickaxe":1,"minecraft:birch_boat":1,"minecraft:iron_helmet":1,"minecraft:stone_pickaxe":1,"minecraft:iron_leggings":1,"minecraft:furnace":1,"minecraft:cooked_salmon":2,"minecraft:birch_planks":20,"minecraft:stone_axe":1,"minecraft:air":0,"minecraft:jungle_planks":12},"minecraft:custom":{"minecraft:time_since_rest":30517,"minecraft:interact_with_furnace":3,"minecraft:sprint_one_cm":13495,"minecraft:damage_taken":240,"minecraft:walk_one_cm":19374,"minecraft:mob_kills":1,"minecraft:drop":2,"minecraft:damage_dealt":200,"minecraft:interact_with_crafting_table":8,"minecraft:swim_one_cm":33398,"minecraft:fly_one_cm":22339,"minecraft:open_chest":13,"minecraft:crouch_one_cm":940,"minecraft:play_time":30517,"minecraft:sneak_time":1014,"minecraft:walk_under_water_one_cm":23507,"minecraft:boat_one_cm":549422,"minecraft:jump":142,"minecraft:time_since_death":30517,"minecraft:walk_on_water_one_cm":11539,"minecraft:total_world_time":30517,"minecraft:fish_caught":3,"minecraft:fall_one_cm":3383},"minecraft:mined":{"minecraft:seagrass":1,"minecraft:tall_seagrass":1,"minecraft:furnace":1,"minecraft:birch_log":5,"minecraft:birch_leaves":1,"minecraft:crafting_table":3,"minecraft:grass":1,"minecraft:spruce_fence":1,"minecraft:jungle_log":3,"minecraft:gravel":1,"minecraft:sand":15,"minecraft:stone":18,"minecraft:sugar_cane":4,"minecraft:sandstone":3,"minecraft:spruce_slab":1},"minecraft:dropped":{"minecraft:leather_chestplate":1,"minecraft:sandstone":1},"minecraft:killed":{"minecraft:zombie":1},"minecraft:picked_up":{"minecraft:leather_chestplate":1,"minecraft:birch_log":5,"minecraft:crafting_table":3,"minecraft:sandstone":4,"minecraft:birch_boat":2,"minecraft:jungle_log":3,"minecraft:salmon":2,"minecraft:gravel":1,"minecraft:spruce_fence":1,"minecraft:jungle_planks":9,"minecraft:sand":15,"minecraft:kelp":9,"minecraft:spruce_slab":1,"minecraft:sugar_cane":11,"minecraft:birch_sapling":1,"minecraft:cod":1,"minecraft:cobblestone":18,"minecraft:furnace":1}},"DataVersion":3465}