{"stats":{"minecraft:used":{"minecraft:stone_shovel":4,"minecraft:stone_pickaxe":11,"minecraft:birch_sapling":1,"minecraft:birch_boat":3,"minecraft:leather_chestplate":1,"minecraft:wooden_pickaxe":10,"minecraft:sandstone":2,"minecraft:stone_axe":7,"minecraft:fishing_rod":4,"minecraft:sand":2,"minecraft:crafting_table":3,"minecraft:furnace":1,"minecraft:cooked_cod":1,"minecraft:golden_shovel":5},"minecraft:crafted":{"minecraft:cooked_cod":1,"minecraft:stone_shovel":1,"minecraft:crafting_table":2,"minecraft:stick":8,"minecraft:wooden_pickaxe":1,"minecraft:birch_boat":1,"minecraft:stone_pickaxe":1,"minecraft:furnace":1,"minecraft:birch_planks":20,"minecraft:stone_axe":1,"minecraft:air":0,"minecraft:jungle_planks":12},"minecraft:custom":{"minecraft:time_since_rest":18517,"minecraft:interact_with_furnace":2,"minecraft:sprint_one_cm":12271,"minecraft:damage_taken":88,"minecraft:walk_one_cm":16057,"minecraft:mob_kills":1,"minecraft:damage_dealt":200,"minecraft:interact_with_crafting_table":5,"minecraft:swim_one_cm":20019,"minecraft:fly_one_cm":21987,"minecraft:open_chest":7,"minecraft:crouch_one_cm":875,"minecraft:play_time":18517,"minecraft:sneak_time":691,"minecraft:walk_under_water_one_cm":12707,"minecraft:boat_one_cm":284550,"minecraft:jump":130,"minecraft:time_since_death":18517,"minecraft:walk_on_water_one_cm":5241,"minecraft:total_world_time":18517,"minecraft:fish_caught":3,"minecraft:fall_one_cm":3383},"minecraft:mined":{"minecraft:seagrass":1,"minecraft:tall_seagrass":1,"minecraft:birch_log":5,"minecraft:birch_leaves":1,"minecraft:crafting_table":1,"minecraft:grass":1,"minecraft:spruce_fence":1,"minecraft:jungle_log":3,"minecraft:sand":10,"minecraft:stone":18,"minecraft:sugar_cane":4,"minecraft:sandstone":3,"minecraft:spruce_slab":1},"minecraft:killed":{"minecraft:zombie":1},"minecraft:picked_up":{"minecraft:birch_log":5,"minecraft:crafting_table":1,"minecraft:sandstone":3,"minecraft:birch_boat":2,"minecraft:jungle_log":3,"minecraft:salmon":2,"minecraft:spruce_fence":1,"minecraft:sand":10,"minecraft:spruce_slab":1,"minecraft:sugar_cane":11,"minecraft:birch_sapling":1,"minecraft:cod":1,"minecraft:cobblestone":18}},"DataVersion":3465}