{"stats":{"minecraft:used":{"minecraft:stone_pickaxe":20,"minecraft:wooden_pickaxe":6,"minecraft:stone_axe":42,"minecraft:mutton":3,"minecraft:beef":8,"minecraft:crafting_table":2,"minecraft:oak_boat":1},"minecraft:crafted":{"minecraft:oak_boat":1,"minecraft:oak_planks":28,"minecraft:crafting_table":2,"minecraft:stick":8,"minecraft:wooden_pickaxe":1,"minecraft:stone_pickaxe":1,"minecraft:birch_planks":12,"minecraft:stone_axe":1},"minecraft:custom":{"minecraft:time_since_rest":12202,"minecraft:sprint_one_cm":87206,"minecraft:damage_taken":70,"minecraft:walk_one_cm":13437,"minecraft:mob_kills":28,"minecraft:damage_dealt":2770,"minecraft:swim_one_cm":2816,"minecraft:interact_with_crafting_table":3,"minecraft:fly_one_cm":78337,"minecraft:crouch_one_cm":1563,"minecraft:play_time":12202,"minecraft:sneak_time":543,"minecraft:walk_under_water_one_cm":150,"minecraft:boat_one_cm":39447,"minecraft:jump":632,"minecraft:leave_game":1,"minecraft:walk_on_water_one_cm":631,"minecraft:time_since_death":12202,"minecraft:total_world_time":12202,"minecraft:fall_one_cm":10269},"minecraft:mined":{"minecraft:birch_log":3,"minecraft:grass":2,"minecraft:oak_log":7,"minecraft:grass_block":3,"minecraft:coal_ore":18,"minecraft:dirt":5,"minecraft:stone":8},"minecraft:killed":{"minecraft:sheep":6,"minecraft:pig":11,"minecraft:cow":11},"minecraft:picked_up":{"minecraft:birch_log":3,"minecraft:leather":11,"minecraft:porkchop":23,"minecraft:oak_log":7,"minecraft:dirt":8,"minecraft:kelp":3,"minecraft:beef":17,"minecraft:gray_wool":1,"minecraft:mutton":8,"minecraft:coal":18,"minecraft:white_wool":5,"minecraft:cobblestone":8}},"DataVersion":3465}