{"stats":{"minecraft:used":{"minecraft:stone_pickaxe":20,"minecraft:wooden_pickaxe":6,"minecraft:stone_axe":50,"minecraft:mutton":13,"minecraft:beef":9,"minecraft:crafting_table":3,"minecraft:oak_boat":2},"minecraft:crafted":{"minecraft:oak_boat":2,"minecraft:oak_planks":28,"minecraft:crafting_table":3,"minecraft:stick":8,"minecraft:wooden_pickaxe":1,"minecraft:stone_pickaxe":1,"minecraft:birch_planks":12,"minecraft:stone_axe":1},"minecraft:custom":{"minecraft:time_since_rest":24202,"minecraft:sprint_one_cm":108761,"minecraft:damage_taken":215,"minecraft:walk_one_cm":16348,"minecraft:mob_kills":35,"minecraft:damage_dealt":3410,"minecraft:swim_one_cm":7456,"minecraft:interact_with_crafting_table":4,"minecraft:fly_one_cm":123928,"minecraft:crouch_one_cm":1563,"minecraft:play_time":24202,"minecraft:sneak_time":543,"minecraft:walk_under_water_one_cm":523,"minecraft:boat_one_cm":356513,"minecraft:jump":846,"minecraft:leave_game":1,"minecraft:walk_on_water_one_cm":844,"minecraft:time_since_death":24202,"minecraft:total_world_time":24202,"minecraft:fall_one_cm":18132},"minecraft:mined":{"minecraft:birch_log":3,"minecraft:grass":12,"minecraft:oak_log":7,"minecraft:grass_block":3,"minecraft:coal_ore":18,"minecraft:dirt":5,"minecraft:tall_grass":3,"minecraft:stone":8},"minecraft:killed":{"minecraft:sheep":9,"minecraft:pig":15,"minecraft:cow":11},"minecraft:picked_up":{"minecraft:birch_log":3,"minecraft:leather":11,"minecraft:porkchop":30,"minecraft:oak_log":7,"minecraft:dirt":8,"minecraft:kelp":6,"minecraft:beef":17,"minecraft:gray_wool":1,"minecraft:mutton":14,"minecraft:coal":18,"minecraft:white_wool":8,"minecraft:cobblestone":8}},"DataVersion":3465}