{"stats":{"minecraft:used":{"minecraft:water_bucket":19,"minecraft:stone_pickaxe":54,"minecraft:wooden_pickaxe":14,"minecraft:birch_boat":1,"minecraft:shield":10,"minecraft:iron_sword":86,"minecraft:dirt":7,"minecraft:mutton":5,"minecraft:crafting_table":3,"minecraft:white_bed":4,"minecraft:oak_log":2,"minecraft:dark_oak_log":2,"minecraft:iron_pickaxe":121,"minecraft:stone_axe":24,"minecraft:cobblestone":27,"minecraft:beef":16,"minecraft:furnace":4,"minecraft:cooked_porkchop":6,"minecraft:porkchop":4,"minecraft:bucket":20},"minecraft:crafted":{"minecraft:cooked_porkchop":6,"minecraft:crafting_table":1,"minecraft:birch_boat":1,"minecraft:wooden_pickaxe":1,"minecraft:iron_sword":1,"minecraft:furnace":2,"minecraft:bucket":1,"minecraft:birch_planks":36,"minecraft:stone_axe":1,"minecraft:air":0,"minecraft:shield":1,"minecraft:stick":12,"minecraft:iron_ingot":10,"minecraft:iron_pickaxe":1,"minecraft:stone_pickaxe":1,"minecraft:white_bed":1},"minecraft:custom":{"minecraft:interact_with_furnace":14,"minecraft:mob_kills":46,"minecraft:interact_with_crafting_table":9,"minecraft:leave_game":8,"minecraft:time_since_death":29310,"minecraft:sleep_in_bed":4,"minecraft:climb_one_cm":355,"minecraft:time_since_rest":29340,"minecraft:sprint_one_cm":193357,"minecraft:damage_taken":575,"minecraft:walk_one_cm":54543,"minecraft:damage_blocked_by_shield":265,"minecraft:drop":18,"minecraft:damage_dealt":5705,"minecraft:swim_one_cm":10790,"minecraft:fly_one_cm":384558,"minecraft:crouch_one_cm":5190,"minecraft:play_time":60943,"minecraft:deaths":1,"minecraft:sneak_time":1400,"minecraft:walk_under_water_one_cm":5096,"minecraft:boat_one_cm":98773,"minecraft:jump":1703,"minecraft:walk_on_water_one_cm":7743,"minecraft:total_world_time":60943,"minecraft:fall_one_cm":37378},"minecraft:mined":{"minecraft:white_bed":4,"minecraft:dark_oak_log":2,"minecraft:crafting_table":3,"minecraft:grass_block":2,"minecraft:cobblestone":3,"minecraft:sugar_cane":7,"minecraft:furnace":2,"minecraft:birch_log":13,"minecraft:iron_ore":68,"minecraft:andesite":3,"minecraft:grass":7,"minecraft:oak_log":9,"minecraft:coal_ore":35,"minecraft:dirt":6,"minecraft:stone":69},"minecraft:dropped":{"minecraft:stone_axe":1,"minecraft:kelp":1,"minecraft:birch_planks":9,"minecraft:birch_sapling":2,"minecraft:cobblestone":9,"minecraft:rotten_flesh":11,"minecraft:stick":3,"minecraft:dirt":1,"minecraft:andesite":3,"minecraft:spider_eye":2,"minecraft:arrow":3,"minecraft:stone_pickaxe":1,"minecraft:wooden_pickaxe":1,"minecraft:string":3,"minecraft:white_wool":5,"minecraft:black_wool":1,"minecraft:bone":3},"minecraft:killed":{"minecraft:pig":7,"minecraft:spider":5,"minecraft:bat":1,"minecraft:sheep":9,"minecraft:skeleton":5,"minecraft:zombie":10,"minecraft:cow":8},"minecraft:picked_up":{"minecraft:birch_log":13,"minecraft:crafting_table":3,"minecraft:andesite":3,"minecraft:leather":5,"minecraft:oak_log":9,"minecraft:string":3,"minecraft:dirt":8,"minecraft:bone":4,"minecraft:kelp":1,"minecraft:beef":16,"minecraft:sugar_cane":20,"minecraft:birch_sapling":2,"minecraft:furnace":2,"minecraft:raw_iron":68,"minecraft:birch_boat":1,"minecraft:porkchop":12,"minecraft:white_bed":4,"minecraft:dark_oak_log":2,"minecraft:spider_eye":2,"minecraft:arrow":5,"minecraft:rotten_flesh":12,"minecraft:black_wool":1,"minecraft:mutton":12,"minecraft:coal":34,"minecraft:white_wool":8,"minecraft:cobblestone":70}},"DataVersion":3465}