{"stats":{"minecraft:used":{"minecraft:dark_oak_log":2,"minecraft:stone_pickaxe":54,"minecraft:iron_pickaxe":10,"minecraft:wooden_pickaxe":14,"minecraft:birch_boat":1,"minecraft:iron_sword":13,"minecraft:stone_axe":24,"minecraft:cobblestone":8,"minecraft:dirt":7,"minecraft:mutton":5,"minecraft:crafting_table":3,"minecraft:furnace":2,"minecraft:cooked_porkchop":3,"minecraft:bucket":1,"minecraft:white_bed":3},"minecraft:crafted":{"minecraft:cooked_porkchop":6,"minecraft:shield":1,"minecraft:crafting_table":1,"minecraft:stick":12,"minecraft:iron_pickaxe":1,"minecraft:wooden_pickaxe":1,"minecraft:iron_ingot":10,"minecraft:birch_boat":1,"minecraft:stone_pickaxe":1,"minecraft:iron_sword":1,"minecraft:furnace":2,"minecraft:white_bed":1,"minecraft:bucket":1,"minecraft:birch_planks":36,"minecraft:stone_axe":1,"minecraft:air":0},"minecraft:custom":{"minecraft:time_since_rest":2591,"minecraft:interact_with_furnace":11,"minecraft:sprint_one_cm":82604,"minecraft:damage_taken":130,"minecraft:walk_one_cm":23342,"minecraft:mob_kills":18,"minecraft:drop":1,"minecraft:damage_dealt":1840,"minecraft:interact_with_crafting_table":9,"minecraft:fly_one_cm":133844,"minecraft:play_time":27746,"minecraft:crouch_one_cm":1561,"minecraft:sneak_time":483,"minecraft:walk_under_water_one_cm":510,"minecraft:boat_one_cm":98773,"minecraft:jump":617,"minecraft:leave_game":5,"minecraft:time_since_death":27746,"minecraft:walk_on_water_one_cm":584,"minecraft:sleep_in_bed":3,"minecraft:total_world_time":27746,"minecraft:fall_one_cm":12110},"minecraft:mined":{"minecraft:white_bed":3,"minecraft:furnace":2,"minecraft:birch_log":9,"minecraft:iron_ore":10,"minecraft:dark_oak_log":2,"minecraft:andesite":3,"minecraft:crafting_table":3,"minecraft:grass_block":2,"minecraft:coal_ore":15,"minecraft:dirt":6,"minecraft:cobblestone":3,"minecraft:stone":37},"minecraft:dropped":{"minecraft:kelp":1},"minecraft:killed":{"minecraft:sheep":7,"minecraft:skeleton":2,"minecraft:pig":7,"minecraft:spider":1,"minecraft:bat":1},"minecraft:picked_up":{"minecraft:birch_log":9,"minecraft:crafting_table":3,"minecraft:raw_iron":10,"minecraft:birch_boat":1,"minecraft:andesite":3,"minecraft:porkchop":12,"minecraft:white_bed":3,"minecraft:dark_oak_log":2,"minecraft:dirt":8,"minecraft:string":1,"minecraft:bone":2,"minecraft:arrow":1,"minecraft:kelp":1,"minecraft:black_wool":1,"minecraft:mutton":9,"minecraft:coal":14,"minecraft:white_wool":6,"minecraft:cobblestone":39,"minecraft:furnace":2}},"DataVersion":3465}