{"stats":{"minecraft:used":{"minecraft:water_bucket":1,"minecraft:stone_pickaxe":54,"minecraft:shield":1,"minecraft:birch_boat":1,"minecraft:wooden_pickaxe":14,"minecraft:iron_sword":31,"minecraft:dirt":7,"minecraft:mutton":5,"minecraft:crafting_table":3,"minecraft:white_bed":4,"minecraft:dark_oak_log":2,"minecraft:iron_pickaxe":10,"minecraft:stone_axe":24,"minecraft:cobblestone":8,"minecraft:furnace":2,"minecraft:cooked_porkchop":5,"minecraft:bucket":2},"minecraft:crafted":{"minecraft:cooked_porkchop":6,"minecraft:crafting_table":1,"minecraft:wooden_pickaxe":1,"minecraft:birch_boat":1,"minecraft:iron_sword":1,"minecraft:furnace":2,"minecraft:bucket":1,"minecraft:birch_planks":36,"minecraft:stone_axe":1,"minecraft:air":0,"minecraft:shield":1,"minecraft:stick":12,"minecraft:iron_ingot":10,"minecraft:iron_pickaxe":1,"minecraft:stone_pickaxe":1,"minecraft:white_bed":1},"minecraft:custom":{"minecraft:interact_with_furnace":11,"minecraft:mob_kills":24,"minecraft:interact_with_crafting_table":9,"minecraft:leave_game":6,"minecraft:time_since_death":2583,"minecraft:sleep_in_bed":4,"minecraft:time_since_rest":2613,"minecraft:sprint_one_cm":95695,"minecraft:damage_taken":335,"minecraft:walk_one_cm":31553,"minecraft:damage_blocked_by_shield":25,"minecraft:drop":2,"minecraft:damage_dealt":3014,"minecraft:fly_one_cm":151994,"minecraft:crouch_one_cm":1561,"minecraft:play_time":34216,"minecraft:deaths":1,"minecraft:sneak_time":483,"minecraft:walk_under_water_one_cm":510,"minecraft:boat_one_cm":98773,"minecraft:jump":732,"minecraft:walk_on_water_one_cm":621,"minecraft:total_world_time":34216,"minecraft:fall_one_cm":13573},"minecraft:mined":{"minecraft:white_bed":4,"minecraft:dark_oak_log":2,"minecraft:crafting_table":3,"minecraft:grass_block":2,"minecraft:cobblestone":3,"minecraft:furnace":2,"minecraft:birch_log":13,"minecraft:iron_ore":10,"minecraft:andesite":3,"minecraft:coal_ore":15,"minecraft:dirt":6,"minecraft:stone":37},"minecraft:dropped":{"minecraft:kelp":1,"minecraft:rotten_flesh":1},"minecraft:killed":{"minecraft:pig":7,"minecraft:spider":1,"minecraft:bat":1,"minecraft:sheep":7,"minecraft:skeleton":2,"minecraft:zombie":6},"minecraft:picked_up":{"minecraft:birch_log":13,"minecraft:crafting_table":3,"minecraft:andesite":3,"minecraft:string":1,"minecraft:dirt":8,"minecraft:bone":2,"minecraft:kelp":1,"minecraft:furnace":2,"minecraft:raw_iron":10,"minecraft:birch_boat":1,"minecraft:porkchop":12,"minecraft:white_bed":4,"minecraft:dark_oak_log":2,"minecraft:arrow":1,"minecraft:rotten_flesh":5,"minecraft:black_wool":1,"minecraft:mutton":9,"minecraft:coal":14,"minecraft:white_wool":6,"minecraft:cobblestone":39}},"DataVersion":3465}