{"stats":{"minecraft:used":{"minecraft:water_bucket":20,"minecraft:stone_pickaxe":54,"minecraft:wooden_pickaxe":14,"minecraft:birch_boat":2,"minecraft:shield":10,"minecraft:iron_sword":97,"minecraft:dirt":7,"minecraft:mutton":5,"minecraft:crafting_table":5,"minecraft:white_bed":4,"minecraft:oak_log":2,"minecraft:dark_oak_log":2,"minecraft:iron_pickaxe":125,"minecraft:stone_axe":24,"minecraft:cobblestone":27,"minecraft:beef":16,"minecraft:furnace":4,"minecraft:cooked_porkchop":6,"minecraft:porkchop":6,"minecraft:bucket":21,"minecraft:oak_boat":1},"minecraft:crafted":{"minecraft:oak_planks":28,"minecraft:cooked_porkchop":6,"minecraft:crafting_table":1,"minecraft:iron_helmet":1,"minecraft:birch_boat":1,"minecraft:wooden_pickaxe":1,"minecraft:iron_sword":1,"minecraft:furnace":2,"minecraft:bucket":1,"minecraft:birch_planks":36,"minecraft:stone_axe":1,"minecraft:air":0,"minecraft:oak_boat":1,"minecraft:iron_boots":1,"minecraft:iron_chestplate":1,"minecraft:shield":1,"minecraft:stick":12,"minecraft:iron_ingot":68,"minecraft:iron_pickaxe":1,"minecraft:stone_pickaxe":1,"minecraft:iron_leggings":1,"minecraft:white_bed":1},"minecraft:custom":{"minecraft:interact_with_furnace":20,"minecraft:mob_kills":50,"minecraft:interact_with_crafting_table":12,"minecraft:leave_game":8,"minecraft:time_since_death":41310,"minecraft:sleep_in_bed":4,"minecraft:climb_one_cm":409,"minecraft:time_since_rest":41340,"minecraft:sprint_one_cm":216943,"minecraft:damage_taken":628,"minecraft:walk_one_cm":58394,"minecraft:damage_blocked_by_shield":265,"minecraft:drop":18,"minecraft:damage_dealt":6227,"minecraft:swim_one_cm":12966,"minecraft:fly_one_cm":438918,"minecraft:crouch_one_cm":5191,"minecraft:play_time":72943,"minecraft:deaths":1,"minecraft:sneak_time":1467,"minecraft:walk_under_water_one_cm":7104,"minecraft:boat_one_cm":224269,"minecraft:jump":1928,"minecraft:walk_on_water_one_cm":10741,"minecraft:total_world_time":72943,"minecraft:fall_one_cm":45240},"minecraft:mined":{"minecraft:white_bed":4,"minecraft:dark_oak_log":2,"minecraft:crafting_table":4,"minecraft:grass_block":2,"minecraft:cobblestone":5,"minecraft:sugar_cane":7,"minecraft:furnace":4,"minecraft:birch_log":13,"minecraft:iron_ore":68,"minecraft:andesite":3,"minecraft:grass":7,"minecraft:oak_log":9,"minecraft:coal_ore":35,"minecraft:dirt":6,"minecraft:stone":69},"minecraft:dropped":{"minecraft:stone_axe":1,"minecraft:kelp":1,"minecraft:birch_planks":9,"minecraft:birch_sapling":2,"minecraft:cobblestone":9,"minecraft:rotten_flesh":11,"minecraft:stick":3,"minecraft:dirt":1,"minecraft:andesite":3,"minecraft:spider_eye":2,"minecraft:arrow":3,"minecraft:stone_pickaxe":1,"minecraft:wooden_pickaxe":1,"minecraft:string":3,"minecraft:white_wool":5,"minecraft:black_wool":1,"minecraft:bone":3},"minecraft:killed":{"minecraft:pig":7,"minecraft:spider":5,"minecraft:bat":1,"minecraft:sheep":9,"minecraft:skeleton":5,"minecraft:zombie":13,"minecraft:cow":8},"minecraft:picked_up":{"minecraft:birch_log":13,"minecraft:crafting_table":4,"minecraft:andesite":3,"minecraft:leather":5,"minecraft:oak_log":9,"minecraft:string":3,"minecraft:dirt":8,"minecraft:bone":4,"minecraft:kelp":1,"minecraft:beef":16,"minecraft:sugar_cane":20,"minecraft:birch_sapling":2,"minecraft:furnace":4,"minecraft:raw_iron":68,"minecraft:birch_boat":2,"minecraft:porkchop":12,"minecraft:white_bed":4,"minecraft:dark_oak_log":2,"minecraft:spider_eye":2,"minecraft:arrow":5,"minecraft:rotten_flesh":12,"minecraft:black_wool":1,"minecraft:mutton":12,"minecraft:coal":57,"minecraft:white_wool":8,"minecraft:cobblestone":72}},"DataVersion":3465}